BIRD_ENTTY_RL_uniqueID,PRTY_RL_TYP,DT_RFRNC,PRTY_ID,RPRTNG_AGNT_ID,ENTTY_GRP_RL_TYP,ENTTY_RL_TYP,ENTTY_TRNSCTN_RL_TYP,EQTY,PRFT_LSS,SHR_CPTL,TTL_ASSTS,the_BIRD_PRTY_EIL_1
BLZ10_er_2018-09-30_BLZ10,10_Securitisation_special_purpose_entity_SSPE_,09/30/2018,BLZ10,BLZ10,29_Other_organisation_role,37_Entity_group_role,8_Issuer,4,4,0,0,BLZ10_2018-09-30_BLZ10
63829150_er_2018-09-30_BLZ10,10_Securitisation_special_purpose_entity_SSPE_,09/30/2018,63829150,ENTITY1,29_Other_organisation_role,28_Loan_debtor,8_Issuer,4,4,0,0,63829150_2018-09-30_BLZ10
78451209_er_2018-09-30_BLZ10,10_Securitisation_special_purpose_entity_SSPE_,09/30/2018,78451209,BLZ10,29_Other_organisation_role,37_Entity_group_role,8_Issuer,4,4,0,0,78451209_2018-09-30_BLZ10
central_bank_party_er_2018-09-30_BLZ10,10_Securitisation_special_purpose_entity_SSPE_,09/30/2018,central_bank_party2018-09-30_BLZ10,BLZ10,29_Other_organisation_role,37_Entity_group_role,8_Issuer,4,4,0,0,central_bank_party_2018-09-30_BLZ10

