BIRD_INSTRMNT_ENTTY_RL_ASSGNMNT_uniqueID,LTGTN_STTS,DT_RFRNC,INSTRMNT_ID,PRTY_ID,PRTY_RL_TYP,RPRTNG_AGNT_ID,INSTRMNT_ENTTY_RL_ASSGNMNT_TYP,JNT_LBLTY_AMNT,MN_DBTR_INDCTR,the_BIRD_ENTTY_RL_EIL_1,the_BIRD_INSTRMNT_EIL_1
123321_78451209_2018-09039_BLZ10,3_Not_in_litigation_pre_litigation,09/30/2018,123321,BLZ10,28_Loan_debtor,BLZ10,6_Other_loan_Debtor_assignment,0,1_Main_debtor,78451209_er_2018-09-30_BLZ10,123321_2018-09-30_BLZ10
gua28569811_63829150_2018-09-30_BLZ10,3_Not_in_litigation_pre_litigation,09/30/2018,GUA28569811,63829150,29_Other_organisation_role,BLZ10,21_Financial_guarantee_instrument_Protection_provider_assignment,0,1_Main_debtor,63829150_er_2018-09-30_BLZ10,GUA28569811_2018-09-30_BLZ10
otc_derivative1_central_bank_party_2018-09-30_BLZ10,3_Not_in_litigation_pre_litigation,09/30/2018,otc_derivate1,central_bank_party,28_Loan_debtor,BLZ10,13_Over_the_counter_OTC_Derivative_Seller_assignment,0,1_Main_debtor,central_bank_party_er_2018-09-30_BLZ10,otc_derivative1_2018-09-30_BLZ10
loan_to_central_bank_central_bank_party_2018-09039_BLZ10,3_Not_in_litigation_pre_litigation,09/30/2018,loan_to_central_bank,central_bank_party,28_Loan_debtor,BLZ10,6_Other_loan_Debtor_assignment,0,1_Main_debtor,central_bank_party_er_2018-09-30_BLZ10,loan_to_central_bank_2018-09-30_BLZ10

