BIRD_INSTRMNT_uniqueID,LTGTN_STTS,CRRNT_LTV_RT,ACCMLTD_CVRG_RT,CMMRCL_RL_ESTT_LN_INDCTR,DT_RFRNC,INSTRMNT_ID,RPRTNG_AGNT_ID,BLNC_SHT_NTTNG_ID,CRDT_FCLTY_ID,CRRNCY,CSH_RSRV_AMNT,DBT_SCRTY_ID,DT_CSH_RSRV_MTRTY,DT_INCPTN,DT_LGL_FNL_MTRTY,DT_ORGNL_CSH_RSRV_AMNT,DT_STTLMNT,FDCRY,FNNCL_CNTRCT_ID,INSTRMNT_TYP_ORGN,NMNL_AMNT,NTNL_AMNT,OFF_BLNC_SHT_AMNT,ORGNL_CSH_RSRV_AMNT,RPYMNT_RGHTS,RVCBL_INDCTR,RVLVNG_LN_INDCTR,SGNFCNT_ASST_CLSS,TYP_CMMTMNT,TYP_INSTRMNT_INSTRMNT,TYP_RSK,the_BIRD_CRDT_FCLTY_EIL_1,the_BIRD_FNNCL_CNTRCT_EIL_1,the_BIRD_BLNC_SHT_NTTNG_EIL_1,the_BIRD_SCRTY_EXCHNG_TRDBL_DRVTV_EIL_1,TYP_INSTRMNT
123321_2018-09-30_BLZ10,3_Not_in_litigation_pre_litigation,0.0,0.0,2_Not_a_commercial_real_estate_loan,09/30/2018,123321,BLZ10,,,EUR_Euro,0,null,09/30/2018,11/16/2017,12/01/2022,09/30/2018,12/01/2017,2_Non_fiduciary_instrument,A810,1022_Other_loans,850000,850000,0,0,2_Other_than_on_demand_or_short_notice,2_Not_revocable,2_Not_revolving_loan,1_Interest_rate,6_Warranties_and_indemnities_including_tender_and_performance_bonds_and_guarantees_not_having_the_character_of_credit_substitutes,1022_Other_loans,4_Credit_risk,null,A810_2018-09-30_BLZ10,null,null,1022
GUA28569811_2018-09-30_BLZ10,2_In_litigation,0.0,0.0,2_Not_a_commercial_real_estate_loan,09/30/2018,GUA28569811,BLZ10,,,EGP_Egyptian_Pound,0,null,09/30/2018,11/16/2017,12/01/2022,09/30/2018,12/01/2017,2_Non_fiduciary_instrument,A810,1022_Other_loans,0,0,50000000,0,0_Not_applicable,2_Not_revocable,2_Not_revolving_loan,1_Interest_rate,6_Warranties_and_indemnities_including_tender_and_performance_bonds_and_guarantees_not_having_the_character_of_credit_substitutes,14_Financial_guarantee_instrument_not_for_a_Debt_security,4_Credit_risk,null,A810_2018-09-30_BLZ10,null,null,14
otc_derivative1_2018-09-30_BLZ10,2_In_litigation,0.0,0.0,2_Not_a_commercial_real_estate_loan,09/30/2018,otc_derivative1,BLZ10,,,EUR_Euro,0,null,09/30/2018,11/16/2017,12/01/2022,09/30/2018,12/01/2017,2_Non_fiduciary_instrument,A810,5_Other_OTC_Derivative_instrument,1000000,1000000,0,0,2_Other_than_on_demand_or_short_notice,2_Not_revocable,2_Not_revolving_loan,1_Interest_rate,6_Warranties_and_indemnities_including_tender_and_performance_bonds_and_guarantees_not_having_the_character_of_credit_substitutes,5_Other_OTC_Derivative_instrument,4_Credit_risk,null,null,null,null,5
loan_to_central_bank_2018-09-30_BLZ10,3_Not_in_litigation_pre_litigation,0.0,0.0,2_Not_a_commercial_real_estate_loan,09/30/2018,123321,BLZ10,,,EUR_Euro,0,null,09/30/2018,11/16/2017,12/01/2022,09/30/2018,12/01/2017,2_Non_fiduciary_instrument,loan_to_cb,1022_Other_loans,850000,850000,0,0,2_Other_than_on_demand_or_short_notice,2_Not_revocable,2_Not_revolving_loan,1_Interest_rate,6_Warranties_and_indemnities_including_tender_and_performance_bonds_and_guarantees_not_having_the_character_of_credit_substitutes,1022_Other_loans,4_Credit_risk,null,loan_to_cb_2018-09-30_BLZ10,null,null,1022

