BIRD_PRTY_uniqueID,TYP_ECNMY,PRTY_RFRNC_DT,INSTTNL_UNT_GRP_ID,PRTY_RPRTNG_AGNT_ID,MRKT_CPTLSTN_INDCTR,MLTLTRL_DVLPMNT_BNK_INDCTR,LSTD_CNTRL_BNK_PRVT_SCTR_CMPNY_INDCTR,PRTY_ID,ANNL_TRNVR,AREA_ISSR_SHS,BLNC_SHT_TTL,CNTRY_CD,CTY,DFLT_STTS,DT_DFLT_STTS,DT_ENTRPRS_SZ,DT_INTTN_LGL_PRCDNGS,ECNMC_ACTVTY,ENTRPRS_INDCTR,ENTRPRS_SZ,FRST_NM,GVRND_CNTRY_CD,INSTTTNL_SCTR,INSTTTNL_SCTR_CNTRL,INTRNTNL_ORGNSTN_CD,LEI,LGL_FRM,LGL_PRCDNG_STTS,LST_NM,NM_ENTTY,NMBR_EMPLYS,ORGNSTN_PRTY_ID,ORGNSTN_TYP_BY_PRCDNG_STTS,PD,PLLNG_EFFCT_INDCTR,PRFRMNG_STTS,PRTY_TYP_ADDRS,PSTL_CD,STRT,TRRTRL_UNT,TYP_PRTY,ULTMT_PRNT_UNDRT_PRTY_ID,the_BIRD_GRP_EIL_1,the_BIRD_PRTY_EIL_1
BLZ10_2018-09-30_BLZ10,1_Emerging_market_economy,09/30/2018,HRB0001-R0001,BLZ10,1_Large_Market_Capitalisation,0_Not_applicable,T_TRUE,BLZ10,200000000,0_Not_applicable,1000,DK_Denmark,Frankfurt am Main ,0_Not_applicable,09/30/2018,09/30/2018,09/30/2018,64_Financial_service_activities_except_insurance_and_pension_funding,1_Enterprise,1_Large_enterprise,,0_Not_applicable,S125_W_Other_financial_corporations_excluding_financial_vehicle_corporations,2_National_private,0_Not_applicable,5299000000000000AA00,DE205_InvAG_Investmentaktiengesellschaft,1_No_legal_actions_taken,null,null,10000.0,BLZ10,0_Not_applicable,0.0,1_Pulling_effect,11_Performing,6_No_registered_Postal_Code_system_party,DE-60313,Hochstrasse 29,DK_Denmark,18_Non_self_employed_natural_person,null,null,null
63829150_2018-09-30_BLZ10,1_Emerging_market_economy,09/30/2018,HRB1234-R1101,BLZ10,1_Large_Market_Capitalisation,0_Not_applicable,T_TRUE,63829150,1654789000,0_Not_applicable,7000000,DK_Denmark,Marburg,0_Not_applicable,11/16/2017,09/30/2018,09/30/2018,22_Manufacture_of_rubber_and_plastic_products,1_Enterprise,1_Large_enterprise,,0_Not_applicable,S125_W_Other_financial_corporations_excluding_financial_vehicle_corporations,2_National_private,0_Not_applicable,5299000000000000AA00,DE205_InvAG_Investmentaktiengesellschaft,1_No_legal_actions_taken,null,null,80.0,63829150,0_Not_applicable,0.0335,1_Pulling_effect,11_Performing,6_No_registered_Postal_Code_system_party,DE-60999,Sterr NameStrasse ,DK_Denmark,18_Non_self_employed_natural_person,null,null,null
78451209_2018-09-30_BLZ10,1_Emerging_market_economy,09/30/2018,HRB1234-R7707,BLZ10,1_Large_Market_Capitalisation,0_Not_applicable,T_TRUE,78451209,31452130,0_Not_applicable,12505060,DK_Denmark,Frankfurt am Main ,0_Not_applicable,09/30/2018,09/30/2018,09/30/2018,22_Manufacture_of_rubber_and_plastic_products,1_Enterprise,1_Large_enterprise,,0_Not_applicable,S14_Households,2_National_private,0_Not_applicable,5299000000000000AA00,DE205_InvAG_Investmentaktiengesellschaft,1_No_legal_actions_taken,null,null,127.0,78451209,0_Not_applicable,0.0175,1_Pulling_effect,11_Performing,6_No_registered_Postal_Code_system_party,DE-61213,Alley NameAllee ,DK_Denmark,18_Non_self_employed_natural_person,null,null,null
central_bank_party_2018-09-30_BLZ10,1_Emerging_market_economy,09/30/2018,null,BLZ10,1_Large_Market_Capitalisation,0_Not_applicable,T_TRUE,central_bank_party,0,0_Not_applicable,1000,0_Not_applicable,London,0_Not_applicable,09/30/2018,09/30/2018,01/01/2023,94_Activities_of_membership_organisations,0_Not_applicable,1_Large_enterprise,,0_Not_applicable,S125_W_Other_financial_corporations_excluding_financial_vehicle_corporations,2_National_private,0_Not_applicable,LEI1,NL9_COV_Cooperatieve_Vereniging,1_No_legal_actions_taken,null,null,0.0,central_bank_party,0_Not_applicable,0.0,1_Pulling_effect,1_Non_performing,6_No_registered_Postal_Code_system_party,EC1,Threadneedle Street,0_Not_applicable,18_Non_self_employed_natural_person,null,null,null

